genome_position,出现次数
1233,3
2157,2
2385,2
628,2
629,2
630,2
2271,2
2328,2
2155,2
2755,2
2733,2
2559,2
408,2
2557,2
2556,2
1443,2
1275,2
1284,2
1290,2
2493,2
2484,2
573,2
362,2
361,2
42,2
3351,2
102,2
177,2
3342,2
240,2
243,2
3336,2
2193,2
2223,2
3111,2
300,2
303,2
1539,2
327,2
1416,2
2424,1
2250,1
2469,1
2169,1
15,1
2514,1
2544,1
2565,1
2610,1
2817,1
2835,1
2982,1
3282,1
3304,1
3306,1
3345,1
2757,1
1486,1
1980,1
294,1
831,1
683,1
682,1
660,1
657,1
306,1
285,1
1761,1
279,1
273,1
252,1
225,1
213,1
94,1
951,1
990,1
1113,1
1140,1
1158,1
1167,1
1266,1
1302,1
1434,1
37,1
1487,1
1503,1
1527,1
1533,1
1641,1
1695,1
1752,1
3354,1
